<beans:beans xmlns="http://www.springframework.org/schema/security"
	xmlns:beans="http://www.springframework.org/schema/beans" 
	xmlns:xsi="http://www.w3.org/2001/XMLSchema-instance"
	xmlns:tx="http://www.springframework.org/schema/tx"
	
	xsi:schemaLocation="http://www.springframework.org/schema/beans
    http://www.springframework.org/schema/beans/spring-beans-4.0.xsd
    http://www.springframework.org/schema/tx 
    http://www.springframework.org/schema/tx/spring-tx-4.0.xsd
    http://www.springframework.org/schema/security
    http://www.springframework.org/schema/security/spring-security-4.0.xsd">

	<http auto-config="true" use-expressions="true">
		<!-- <intercept-url pattern="/welcome/**" access="permitAll" /> -->
		<intercept-url pattern="/admin/**" access="hasRole('ROLE_ADMIN')" />
		<intercept-url pattern="/dashboard/**" access="hasRole('ROLE_USER')"/>
		<intercept-url pattern="/myproducts/**" access="hasRole('ROLE_USER')"/>
		<intercept-url pattern="/employee/**" access="hasRole('ROLE_EMPLOYEE')"/>
		
		<form-login login-page="/login" authentication-success-handler-ref="customSuccessHandler" 
			authentication-failure-url="/loginError" />
		<logout logout-success-url="/home" logout-url="/j_spring_security_logout" />
		<csrf disabled="true" />
	</http>

	<authentication-manager>
		<authentication-provider>
			<jdbc-user-service data-source-ref="dataSource"
				users-by-username-query="select username, password, enabled from USERS where username = ?"
				authorities-by-username-query="select user,role from USERS_ROLES WHERE user = ? " />
		</authentication-provider>
	</authentication-manager>



	<beans:bean id="dataSource"
		class="org.springframework.jdbc.datasource.DriverManagerDataSource">
		<beans:property name="driverClassName" value="com.mysql.jdbc.Driver" />
		<beans:property name="url"
			value="jdbc:mysql://localhost:3306/lovish" />
		<beans:property name="username" value="root" />
		<beans:property name="password" value="lovish1234" />
	</beans:bean>
 <beans:bean id="customSuccessHandler" class="com.dbms.CustomHandler"/>
</beans:beans>
