<beans xmlns="http://www.springframework.org/schema/beans"
    xmlns:mvc="http://www.springframework.org/schema/mvc" xmlns:context="http://www.springframework.org/schema/context"
    xmlns:xsi="http://www.w3.org/2001/XMLSchema-instance"
    xmlns:tx="http://www.springframework.org/schema/tx"
    xsi:schemaLocation="
        http://www.springframework.org/schema/beans
        http://www.springframework.org/schema/beans/spring-beans.xsd
        http://www.springframework.org/schema/mvc
        http://www.springframework.org/schema/mvc/spring-mvc.xsd
        http://www.springframework.org/schema/context
        http://www.springframework.org/schema/context/spring-context.xsd
        http://www.springframework.org/schema/tx 
        http://www.springframework.org/schema/tx/spring-tx-4.0.xsd">
 
    <context:component-scan base-package="com.dbms" />
    <context:component-scan base-package="com.dbms.dao" />
    <context:component-scan base-package="com.dbms.model" />
    
    
    
    <mvc:resources mapping="/css/**" location="/css/" />
    
    
    
    <mvc:annotation-driven></mvc:annotation-driven>
 	  <import resource="classpath:config/user-beans.xml" />
    <bean
        class="org.springframework.web.servlet.view.InternalResourceViewResolver">
        <property name="prefix">
            <value>/WEB-INF/views/</value>
        </property>
        <property name="suffix">
            <value>.jsp</value>
        </property>
    </bean>
    <bean id="customSuccessHandler" class="com.dbms.CustomHandler"></bean>
    
    <context:annotation-config/>
    
 	<bean id="transactionManager"
		class="org.springframework.jdbc.datasource.DataSourceTransactionManager">
		<property name="dataSource" ref="dataSource" />
	</bean>	

	<tx:annotation-driven proxy-target-class="true" transaction-manager="transactionManager" />

</beans>
